{
  "run_inputs": "/home/jdep/neb_dynamics/publication-data/hessian-sample/mlp.toml",
  "start": "react_opt.xyz",
  "start_charge": 0,
  "start_multiplicity": 1,
  "dr_values": [
    0.1,
    0.5,
    1.0,
    2.0,
    3.0,
    4.0,
    5.0
  ],
  "maxiter": 500,
  "normal_modes_total": 36,
  "frequencies_wavenumber": [
    0.025402912620043693,
    0.04338782554991423,
    0.04834014222457818,
    0.09877340238554826,
    0.11160569150721501,
    0.12810780835620372,
    0.16739251454964205,
    0.18274310695307577,
    0.21385475722165453,
    0.22599129624735598,
    0.24787998256223903,
    0.2682149654277287,
    0.2744317028272607,
    0.28795544076327323,
    0.2948104767990403,
    0.3269535359080725,
    0.3440841024247795,
    0.3631156761817276,
    0.40387913414781373,
    0.4235019925588367,
    0.44301820628944316,
    0.45647597622614744,
    0.48811952741790415,
    0.5386809369986931,
    0.5830547423754912,
    0.6889459127650944,
    0.7800378379616124,
    0.8129246065130588,
    0.8483349360521448,
    0.9215519118601382,
    0.9382131293486472,
    0.9467108854281878,
    0.9920425196130909,
    1.0043096146820243,
    1.2217471729566838,
    1.2299115896567385
  ],
  "selection_rule": "normal_modes_total < 100",
  "chain_inputs_thresholds": {
    "node_rms_thre": 1.0,
    "node_ene_thre": 0.1
  },
  "per_dr": [
    {
      "dr": 0.1,
      "normal_modes_total": 36,
      "total_candidates": 72,
      "converged": 72,
      "errors": 0,
      "new_connectivity": 0,
      "new_conformer": 0,
      "raw_new_connectivity_hits": 0,
      "raw_new_conformer_hits": 0,
      "same_seed": 72,
      "candidates_xyz": "/home/jdep/neb_dynamics/publication-data/hessian-sample/reactant-mlp/hessian_sample_experiment_20260421_111301/candidate_xyz/dr_0.100_candidates.xyz",
      "failed_candidates_xyz": "",
      "converged_optimized_xyz": "/home/jdep/neb_dynamics/publication-data/hessian-sample/reactant-mlp/hessian_sample_experiment_20260421_111301/minimized_xyz/dr_0.100_converged_optimized.xyz",
      "new_connectivity_xyz": "",
      "new_conformer_xyz": "",
      "new_connectivity_hits_xyz": "",
      "new_conformer_hits_xyz": ""
    },
    {
      "dr": 0.5,
      "normal_modes_total": 36,
      "total_candidates": 72,
      "converged": 72,
      "errors": 0,
      "new_connectivity": 0,
      "new_conformer": 0,
      "raw_new_connectivity_hits": 0,
      "raw_new_conformer_hits": 0,
      "same_seed": 72,
      "candidates_xyz": "/home/jdep/neb_dynamics/publication-data/hessian-sample/reactant-mlp/hessian_sample_experiment_20260421_111301/candidate_xyz/dr_0.500_candidates.xyz",
      "failed_candidates_xyz": "",
      "converged_optimized_xyz": "/home/jdep/neb_dynamics/publication-data/hessian-sample/reactant-mlp/hessian_sample_experiment_20260421_111301/minimized_xyz/dr_0.500_converged_optimized.xyz",
      "new_connectivity_xyz": "",
      "new_conformer_xyz": "",
      "new_connectivity_hits_xyz": "",
      "new_conformer_hits_xyz": ""
    },
    {
      "dr": 1.0,
      "normal_modes_total": 36,
      "total_candidates": 72,
      "converged": 72,
      "errors": 0,
      "new_connectivity": 0,
      "new_conformer": 0,
      "raw_new_connectivity_hits": 0,
      "raw_new_conformer_hits": 0,
      "same_seed": 72,
      "candidates_xyz": "/home/jdep/neb_dynamics/publication-data/hessian-sample/reactant-mlp/hessian_sample_experiment_20260421_111301/candidate_xyz/dr_1.000_candidates.xyz",
      "failed_candidates_xyz": "",
      "converged_optimized_xyz": "/home/jdep/neb_dynamics/publication-data/hessian-sample/reactant-mlp/hessian_sample_experiment_20260421_111301/minimized_xyz/dr_1.000_converged_optimized.xyz",
      "new_connectivity_xyz": "",
      "new_conformer_xyz": "",
      "new_connectivity_hits_xyz": "",
      "new_conformer_hits_xyz": ""
    },
    {
      "dr": 2.0,
      "normal_modes_total": 36,
      "total_candidates": 72,
      "converged": 70,
      "errors": 2,
      "new_connectivity": 2,
      "new_conformer": 0,
      "raw_new_connectivity_hits": 2,
      "raw_new_conformer_hits": 0,
      "same_seed": 68,
      "candidates_xyz": "/home/jdep/neb_dynamics/publication-data/hessian-sample/reactant-mlp/hessian_sample_experiment_20260421_111301/candidate_xyz/dr_2.000_candidates.xyz",
      "failed_candidates_xyz": "/home/jdep/neb_dynamics/publication-data/hessian-sample/reactant-mlp/hessian_sample_experiment_20260421_111301/candidate_xyz/dr_2.000_failed_candidates.xyz",
      "converged_optimized_xyz": "/home/jdep/neb_dynamics/publication-data/hessian-sample/reactant-mlp/hessian_sample_experiment_20260421_111301/minimized_xyz/dr_2.000_converged_optimized.xyz",
      "new_connectivity_xyz": "/home/jdep/neb_dynamics/publication-data/hessian-sample/reactant-mlp/hessian_sample_experiment_20260421_111301/minimized_xyz/dr_2.000_new_connectivity.xyz",
      "new_conformer_xyz": "",
      "new_connectivity_hits_xyz": "/home/jdep/neb_dynamics/publication-data/hessian-sample/reactant-mlp/hessian_sample_experiment_20260421_111301/minimized_xyz/dr_2.000_new_connectivity_hits.xyz",
      "new_conformer_hits_xyz": ""
    },
    {
      "dr": 3.0,
      "normal_modes_total": 36,
      "total_candidates": 72,
      "converged": 71,
      "errors": 1,
      "new_connectivity": 5,
      "new_conformer": 2,
      "raw_new_connectivity_hits": 5,
      "raw_new_conformer_hits": 3,
      "same_seed": 63,
      "candidates_xyz": "/home/jdep/neb_dynamics/publication-data/hessian-sample/reactant-mlp/hessian_sample_experiment_20260421_111301/candidate_xyz/dr_3.000_candidates.xyz",
      "failed_candidates_xyz": "/home/jdep/neb_dynamics/publication-data/hessian-sample/reactant-mlp/hessian_sample_experiment_20260421_111301/candidate_xyz/dr_3.000_failed_candidates.xyz",
      "converged_optimized_xyz": "/home/jdep/neb_dynamics/publication-data/hessian-sample/reactant-mlp/hessian_sample_experiment_20260421_111301/minimized_xyz/dr_3.000_converged_optimized.xyz",
      "new_connectivity_xyz": "/home/jdep/neb_dynamics/publication-data/hessian-sample/reactant-mlp/hessian_sample_experiment_20260421_111301/minimized_xyz/dr_3.000_new_connectivity.xyz",
      "new_conformer_xyz": "/home/jdep/neb_dynamics/publication-data/hessian-sample/reactant-mlp/hessian_sample_experiment_20260421_111301/minimized_xyz/dr_3.000_new_conformer.xyz",
      "new_connectivity_hits_xyz": "/home/jdep/neb_dynamics/publication-data/hessian-sample/reactant-mlp/hessian_sample_experiment_20260421_111301/minimized_xyz/dr_3.000_new_connectivity_hits.xyz",
      "new_conformer_hits_xyz": "/home/jdep/neb_dynamics/publication-data/hessian-sample/reactant-mlp/hessian_sample_experiment_20260421_111301/minimized_xyz/dr_3.000_new_conformer_hits.xyz"
    },
    {
      "dr": 4.0,
      "normal_modes_total": 36,
      "total_candidates": 72,
      "converged": 71,
      "errors": 1,
      "new_connectivity": 23,
      "new_conformer": 3,
      "raw_new_connectivity_hits": 24,
      "raw_new_conformer_hits": 3,
      "same_seed": 44,
      "candidates_xyz": "/home/jdep/neb_dynamics/publication-data/hessian-sample/reactant-mlp/hessian_sample_experiment_20260421_111301/candidate_xyz/dr_4.000_candidates.xyz",
      "failed_candidates_xyz": "/home/jdep/neb_dynamics/publication-data/hessian-sample/reactant-mlp/hessian_sample_experiment_20260421_111301/candidate_xyz/dr_4.000_failed_candidates.xyz",
      "converged_optimized_xyz": "/home/jdep/neb_dynamics/publication-data/hessian-sample/reactant-mlp/hessian_sample_experiment_20260421_111301/minimized_xyz/dr_4.000_converged_optimized.xyz",
      "new_connectivity_xyz": "/home/jdep/neb_dynamics/publication-data/hessian-sample/reactant-mlp/hessian_sample_experiment_20260421_111301/minimized_xyz/dr_4.000_new_connectivity.xyz",
      "new_conformer_xyz": "/home/jdep/neb_dynamics/publication-data/hessian-sample/reactant-mlp/hessian_sample_experiment_20260421_111301/minimized_xyz/dr_4.000_new_conformer.xyz",