{
  "run_inputs": "/home/jdep/neb_dynamics/publication-data/hessian-sample/mlp.toml",
  "start": "claisen_ts.xyz",
  "start_charge": 0,
  "start_multiplicity": 1,
  "dr_values": [
    0.1,
    0.5,
    1.0,
    2.0,
    3.0,
    4.0,
    5.0
  ],
  "maxiter": 500,
  "normal_modes_total": 36,
  "frequencies_wavenumber": [
    0.026680864611292442,
    0.03121182920454958,
    0.03550498554837265,
    0.07549096546446481,
    0.10250484644670396,
    0.12359411971830138,
    0.16043380123967285,
    0.1871596023947902,
    0.21520035721295772,
    0.21564560746355607,
    0.22807330331669387,
    0.24899312534252832,
    0.26716183518964143,
    0.26950167212767884,
    0.2943717270853268,
    0.3208650797647896,
    0.3374285355580098,
    0.37890596733209736,
    0.3938576932466422,
    0.41437071764100347,
    0.44717696658352485,
    0.46949125345527326,
    0.49383431482951184,
    0.5180961660380657,
    0.6001333211080906,
    0.6923121426861635,
    0.761855211589399,
    0.807197120264329,
    0.8552285810316045,
    0.8831310594189128,
    0.9101613291957611,
    0.920394735341296,
    0.9547433098404249,
    0.9920882320491448,
    1.226124054441292,
    1.3193673707163505
  ],
  "selection_rule": "normal_modes_total < 100",
  "chain_inputs_thresholds": {
    "node_rms_thre": 1.0,
    "node_ene_thre": 0.1
  },
  "per_dr": [
    {
      "dr": 0.1,
      "normal_modes_total": 36,
      "total_candidates": 72,
      "converged": 72,
      "errors": 0,
      "new_connectivity": 0,
      "new_conformer": 0,
      "raw_new_connectivity_hits": 0,
      "raw_new_conformer_hits": 0,
      "same_seed": 72,
      "candidates_xyz": "/home/jdep/neb_dynamics/publication-data/hessian-sample/ts-mlp/hessian_sample_experiment_20260421_132044/candidate_xyz/dr_0.100_candidates.xyz",
      "failed_candidates_xyz": "",
      "converged_optimized_xyz": "/home/jdep/neb_dynamics/publication-data/hessian-sample/ts-mlp/hessian_sample_experiment_20260421_132044/minimized_xyz/dr_0.100_converged_optimized.xyz",
      "new_connectivity_xyz": "",
      "new_conformer_xyz": "",
      "new_connectivity_hits_xyz": "",
      "new_conformer_hits_xyz": ""
    },
    {
      "dr": 0.5,
      "normal_modes_total": 36,
      "total_candidates": 72,
      "converged": 72,
      "errors": 0,
      "new_connectivity": 0,
      "new_conformer": 0,
      "raw_new_connectivity_hits": 0,
      "raw_new_conformer_hits": 0,
      "same_seed": 72,
      "candidates_xyz": "/home/jdep/neb_dynamics/publication-data/hessian-sample/ts-mlp/hessian_sample_experiment_20260421_132044/candidate_xyz/dr_0.500_candidates.xyz",
      "failed_candidates_xyz": "",
      "converged_optimized_xyz": "/home/jdep/neb_dynamics/publication-data/hessian-sample/ts-mlp/hessian_sample_experiment_20260421_132044/minimized_xyz/dr_0.500_converged_optimized.xyz",
      "new_connectivity_xyz": "",
      "new_conformer_xyz": "",
      "new_connectivity_hits_xyz": "",
      "new_conformer_hits_xyz": ""
    },
    {
      "dr": 1.0,
      "normal_modes_total": 36,
      "total_candidates": 72,
      "converged": 71,
      "errors": 1,
      "new_connectivity": 0,
      "new_conformer": 0,
      "raw_new_connectivity_hits": 0,
      "raw_new_conformer_hits": 0,
      "same_seed": 71,
      "candidates_xyz": "/home/jdep/neb_dynamics/publication-data/hessian-sample/ts-mlp/hessian_sample_experiment_20260421_132044/candidate_xyz/dr_1.000_candidates.xyz",
      "failed_candidates_xyz": "/home/jdep/neb_dynamics/publication-data/hessian-sample/ts-mlp/hessian_sample_experiment_20260421_132044/candidate_xyz/dr_1.000_failed_candidates.xyz",
      "converged_optimized_xyz": "/home/jdep/neb_dynamics/publication-data/hessian-sample/ts-mlp/hessian_sample_experiment_20260421_132044/minimized_xyz/dr_1.000_converged_optimized.xyz",
      "new_connectivity_xyz": "",
      "new_conformer_xyz": "",
      "new_connectivity_hits_xyz": "",
      "new_conformer_hits_xyz": ""
    },
    {
      "dr": 2.0,
      "normal_modes_total": 36,
      "total_candidates": 72,
      "converged": 68,
      "errors": 4,
      "new_connectivity": 1,
      "new_conformer": 0,
      "raw_new_connectivity_hits": 1,
      "raw_new_conformer_hits": 0,
      "same_seed": 67,
      "candidates_xyz": "/home/jdep/neb_dynamics/publication-data/hessian-sample/ts-mlp/hessian_sample_experiment_20260421_132044/candidate_xyz/dr_2.000_candidates.xyz",
      "failed_candidates_xyz": "/home/jdep/neb_dynamics/publication-data/hessian-sample/ts-mlp/hessian_sample_experiment_20260421_132044/candidate_xyz/dr_2.000_failed_candidates.xyz",
      "converged_optimized_xyz": "/home/jdep/neb_dynamics/publication-data/hessian-sample/ts-mlp/hessian_sample_experiment_20260421_132044/minimized_xyz/dr_2.000_converged_optimized.xyz",
      "new_connectivity_xyz": "/home/jdep/neb_dynamics/publication-data/hessian-sample/ts-mlp/hessian_sample_experiment_20260421_132044/minimized_xyz/dr_2.000_new_connectivity.xyz",
      "new_conformer_xyz": "",
      "new_connectivity_hits_xyz": "/home/jdep/neb_dynamics/publication-data/hessian-sample/ts-mlp/hessian_sample_experiment_20260421_132044/minimized_xyz/dr_2.000_new_connectivity_hits.xyz",
      "new_conformer_hits_xyz": ""
    },
    {
      "dr": 3.0,
      "normal_modes_total": 36,
      "total_candidates": 72,
      "converged": 71,
      "errors": 1,
      "new_connectivity": 8,
      "new_conformer": 3,
      "raw_new_connectivity_hits": 8,
      "raw_new_conformer_hits": 4,
      "same_seed": 59,
      "candidates_xyz": "/home/jdep/neb_dynamics/publication-data/hessian-sample/ts-mlp/hessian_sample_experiment_20260421_132044/candidate_xyz/dr_3.000_candidates.xyz",
      "failed_candidates_xyz": "/home/jdep/neb_dynamics/publication-data/hessian-sample/ts-mlp/hessian_sample_experiment_20260421_132044/candidate_xyz/dr_3.000_failed_candidates.xyz",
      "converged_optimized_xyz": "/home/jdep/neb_dynamics/publication-data/hessian-sample/ts-mlp/hessian_sample_experiment_20260421_132044/minimized_xyz/dr_3.000_converged_optimized.xyz",
      "new_connectivity_xyz": "/home/jdep/neb_dynamics/publication-data/hessian-sample/ts-mlp/hessian_sample_experiment_20260421_132044/minimized_xyz/dr_3.000_new_connectivity.xyz",
      "new_conformer_xyz": "/home/jdep/neb_dynamics/publication-data/hessian-sample/ts-mlp/hessian_sample_experiment_20260421_132044/minimized_xyz/dr_3.000_new_conformer.xyz",
      "new_connectivity_hits_xyz": "/home/jdep/neb_dynamics/publication-data/hessian-sample/ts-mlp/hessian_sample_experiment_20260421_132044/minimized_xyz/dr_3.000_new_connectivity_hits.xyz",
      "new_conformer_hits_xyz": "/home/jdep/neb_dynamics/publication-data/hessian-sample/ts-mlp/hessian_sample_experiment_20260421_132044/minimized_xyz/dr_3.000_new_conformer_hits.xyz"
    },
    {
      "dr": 4.0,
      "normal_modes_total": 36,
      "total_candidates": 72,
      "converged": 71,
      "errors": 1,
      "new_connectivity": 23,
      "new_conformer": 2,
      "raw_new_connectivity_hits": 25,
      "raw_new_conformer_hits": 2,
      "same_seed": 44,
      "candidates_xyz": "/home/jdep/neb_dynamics/publication-data/hessian-sample/ts-mlp/hessian_sample_experiment_20260421_132044/candidate_xyz/dr_4.000_candidates.xyz",
      "failed_candidates_xyz": "/home/jdep/neb_dynamics/publication-data/hessian-sample/ts-mlp/hessian_sample_experiment_20260421_132044/candidate_xyz/dr_4.000_failed_candidates.xyz",
      "converged_optimized_xyz": "/home/jdep/neb_dynamics/publication-data/hessian-sample/ts-mlp/hessian_sample_experiment_20260421_132044/minimized_xyz/dr_4.000_converged_optimized.xyz",
      "new_connectivity_xyz": "/home/jdep/neb_dynamics/publication-data/hessian-sample/ts-mlp/hessian_sample_experiment_20260421_132044/minimized_xyz/dr_4.000_new_connectivity.xyz",
      "new_conformer_xyz": "/home/jdep/neb_dynamics/publication-data/hessian-sample/ts-mlp/hessian_sample_experiment_20260421_132044/minimized_xyz/dr_4.000_new_conformer.xyz",